"FileId","Page","URL"
"1_3_0czgKt1jMsqUHxjAE2IX3wrEjR9R7","content\europe\germany\germany-2011\alsace\index.md","https://drive.google.com/thumbnail?id=1_3_0czgKt1jMsqUHxjAE2IX3wrEjR9R7&sz=w1600"
"1_r0H-rei0yhXLNBqBU4gBMzk8vC6icHB","content\europe\germany\germany-2011\switzerland-1\index.md","https://drive.google.com/thumbnail?id=1_r0H-rei0yhXLNBqBU4gBMzk8vC6icHB&sz=w1600"
"1_Y-A5L4__vorhWEferHSnjHHueeCm0GN","content\europe\germany\germany-2011\switzerland-2\index.md","https://drive.google.com/thumbnail?id=1_Y-A5L4__vorhWEferHSnjHHueeCm0GN&sz=w1600"
"10LNl4tNUN4XASFpD3SQ6E45aWdr0D_Gb","content\europe\germany\germany-2011\switzerland-2\index.md","https://drive.google.com/thumbnail?id=10LNl4tNUN4XASFpD3SQ6E45aWdr0D_Gb&sz=w1600"
"10ndY0pfjAf2rXUiKMuueDKoluJUN8_QS","content\europe\germany\germany-2011\castles\index.md","https://drive.google.com/thumbnail?id=10ndY0pfjAf2rXUiKMuueDKoluJUN8_QS&sz=w1600"
"11mb3nW6_u0niBZjUs9tKd0OEEOzwmiEX","content\europe\germany\germany-2011\belgium\index.md","https://drive.google.com/thumbnail?id=11mb3nW6_u0niBZjUs9tKd0OEEOzwmiEX&sz=w1600"
"11nkWYSnyAbSGHLsQfIGD_EMi5b2Bhz-F","content\europe\germany\germany-2011\switzerland-1\index.md","https://drive.google.com/thumbnail?id=11nkWYSnyAbSGHLsQfIGD_EMi5b2Bhz-F&sz=w1600"
"11rLLRClysg7dDX70ukHVlu_uGccRDUuH","content\europe\germany\germany-2011\overview\index.md","https://drive.google.com/thumbnail?id=11rLLRClysg7dDX70ukHVlu_uGccRDUuH&sz=w1600"
"11TcFlrWMKw_CEtLBHP7Hho4WoQEdhs3d","content\europe\germany\germany-2011\overview\index.md","https://drive.google.com/thumbnail?id=11TcFlrWMKw_CEtLBHP7Hho4WoQEdhs3d&sz=w1600"
"11Ti2M2IopFrp8do3vMNx9uVR-_IEoiKM","content\europe\germany\germany-2011\belgium\index.md","https://drive.google.com/thumbnail?id=11Ti2M2IopFrp8do3vMNx9uVR-_IEoiKM&sz=w1600"
"11vyxgJNywaQvA4yNLzNKiVkI9fx5ZqVE","content\europe\germany\germany-2011\bavaria\index.md","https://drive.google.com/thumbnail?id=11vyxgJNywaQvA4yNLzNKiVkI9fx5ZqVE&sz=w1600"
"12UZXmHV24HSZUWw-anAXqV7YwEfr6GzZ","content\europe\germany\germany-2011\overview\index.md","https://drive.google.com/thumbnail?id=12UZXmHV24HSZUWw-anAXqV7YwEfr6GzZ&sz=w1600"
"12XssYRwA7KiEaHQ4yGUP0QtqRFRoMyyz","content\europe\germany\germany-2011\switzerland-1\index.md","https://drive.google.com/thumbnail?id=12XssYRwA7KiEaHQ4yGUP0QtqRFRoMyyz&sz=w1600"
"13ldF1sb4jMfwDVfhLqDJiiweJh4v7vW_","content\europe\germany\germany-2011\switzerland-1\index.md","https://drive.google.com/thumbnail?id=13ldF1sb4jMfwDVfhLqDJiiweJh4v7vW_&sz=w1600"
"13LiPASm66ZEtTWVij5kwB94MuJBCdDk8","content\europe\germany\germany-2011\overview\index.md","https://drive.google.com/thumbnail?id=13LiPASm66ZEtTWVij5kwB94MuJBCdDk8&sz=w1600"
"13oqLdztF2W2QJa1OBjOiqKdiVrc5O_hk","content\europe\germany\germany-2011\alsace\index.md","https://drive.google.com/thumbnail?id=13oqLdztF2W2QJa1OBjOiqKdiVrc5O_hk&sz=w1600"
"14MXpYvOkK_3sBKKfL-MTuRz4sw_jVd-E","content\europe\germany\germany-2011\switzerland-2\index.md","https://drive.google.com/thumbnail?id=14MXpYvOkK_3sBKKfL-MTuRz4sw_jVd-E&sz=w1600"
"14wmy81Phvm98Who33gtBXmz0xkj9FGhj","content\europe\germany\germany-2011\alsace\index.md","https://drive.google.com/thumbnail?id=14wmy81Phvm98Who33gtBXmz0xkj9FGhj&sz=w1600"
"158iq7AD3J6NDRz-nHK4lwRVfDIyTDb2m","content\europe\germany\germany-2011\alsace\index.md","https://drive.google.com/thumbnail?id=158iq7AD3J6NDRz-nHK4lwRVfDIyTDb2m&sz=w1600"
"15bIrFZ2B07pgC-FSmCYMiGQB2pZX4E32","content\europe\germany\germany-2011\overview\index.md","https://drive.google.com/thumbnail?id=15bIrFZ2B07pgC-FSmCYMiGQB2pZX4E32&sz=w1600"
"15EF4_zlXKMlgRKMqTVLWnFnIdHtingRM","content\europe\germany\germany-2011\castles\index.md","https://drive.google.com/thumbnail?id=15EF4_zlXKMlgRKMqTVLWnFnIdHtingRM&sz=w2000"
"15KiHWo8P-n2OjWRtDpNgy0NJt5LDJF00","content\europe\germany\germany-2011\overview\index.md","https://drive.google.com/thumbnail?id=15KiHWo8P-n2OjWRtDpNgy0NJt5LDJF00&sz=w1600"
"15p8KYkWrVL6RINNM8UJN9uCSSc-odsub","content\europe\germany\germany-2011\alsace\index.md","https://drive.google.com/thumbnail?id=15p8KYkWrVL6RINNM8UJN9uCSSc-odsub&sz=w1600"
"16W5INoo_HEZ5w0QqYC-xdpNDYvwufZ5A","content\europe\germany\germany-2011\switzerland-1\index.md","https://drive.google.com/thumbnail?id=16W5INoo_HEZ5w0QqYC-xdpNDYvwufZ5A&sz=w1600"
"16XuCkRDV0lUoUBjP1ClN60jlJBF9E_au","content\europe\germany\germany-2011\belgium\index.md","https://drive.google.com/thumbnail?id=16XuCkRDV0lUoUBjP1ClN60jlJBF9E_au&sz=w1600"
"1732wWhGywTzXxGkmYmfudn5IZX5hpH-W","content\europe\germany\germany-2011\holland\index.md","https://drive.google.com/thumbnail?id=1732wWhGywTzXxGkmYmfudn5IZX5hpH-W&sz=w2000"
"176Jap52nqVVOvWpbZNiGH7dKOw35O-q-","content\europe\germany\germany-2011\switzerland-2\index.md","https://drive.google.com/thumbnail?id=176Jap52nqVVOvWpbZNiGH7dKOw35O-q-&sz=w1600"
"17EQNUXwXZ9w88FUYe3fVIB3qTyaAwl1V","content\europe\germany\germany-2011\switzerland-2\index.md","https://drive.google.com/thumbnail?id=17EQNUXwXZ9w88FUYe3fVIB3qTyaAwl1V&sz=w1600"
"17IXOA6GdWG7_JZV9F3Q_9HAPHkjLGY6h","content\europe\germany\germany-2011\alsace\index.md","https://drive.google.com/thumbnail?id=17IXOA6GdWG7_JZV9F3Q_9HAPHkjLGY6h&sz=w1600"
"17J1ObzGp-dLNWmSVjo-2Zx60cNVur6Ve","content\europe\germany\germany-2011\overview\index.md","https://drive.google.com/thumbnail?id=17J1ObzGp-dLNWmSVjo-2Zx60cNVur6Ve&sz=w1600"
"17LQqwOrUx8QjKBGflm9aVOP4by-YTbvq","content\europe\germany\germany-2011\switzerland-1\index.md","https://drive.google.com/thumbnail?id=17LQqwOrUx8QjKBGflm9aVOP4by-YTbvq&sz=w1600"
"17QAm6GfDAH8nm2uEy4YGWbLXBx8oxrlp","content\europe\germany\germany-2011\switzerland-1\index.md","https://drive.google.com/thumbnail?id=17QAm6GfDAH8nm2uEy4YGWbLXBx8oxrlp&sz=w1600"
"17R8kBX3xTz1KUSss86WO7jYRhVadVT7K","content\europe\germany\germany-2011\london\index.md","https://drive.google.com/thumbnail?id=17R8kBX3xTz1KUSss86WO7jYRhVadVT7K&sz=w1600"
"17uhxdt1499qO8EWdeo8bnmWYLI9Vg6Dg","content\europe\germany\germany-2011\overview\index.md","https://drive.google.com/thumbnail?id=17uhxdt1499qO8EWdeo8bnmWYLI9Vg6Dg&sz=w1600"
"18jKmKkudSdkWuuxaBlkj0xfyoNzl2KyY","content\europe\germany\germany-2011\alsace\index.md","https://drive.google.com/thumbnail?id=18jKmKkudSdkWuuxaBlkj0xfyoNzl2KyY&sz=w1600"
"18mR0PxOONh-5l7A17v05nwvjQ1IMjm1p","content\europe\germany\germany-2011\alsace\index.md","https://drive.google.com/thumbnail?id=18mR0PxOONh-5l7A17v05nwvjQ1IMjm1p&sz=w1600"
"18qFSuHoqaYdF7BQksImWLNsdaymYvgeN","content\europe\germany\germany-2011\holland\index.md","https://drive.google.com/thumbnail?id=18qFSuHoqaYdF7BQksImWLNsdaymYvgeN&sz=w1600"
"19U9alydDexn4juaZ61ZIyJjgbvFHbaoN","content\europe\germany\germany-2011\_index.md","https://drive.google.com/thumbnail?id=19U9alydDexn4juaZ61ZIyJjgbvFHbaoN&sz=w2000"
"19U9alydDexn4juaZ61ZIyJjgbvFHbaoN","content\europe\germany\germany-2011\overview\index.md","https://drive.google.com/thumbnail?id=19U9alydDexn4juaZ61ZIyJjgbvFHbaoN&sz=w1600"
"19ukSkYkv1Dl-3X1iUjsPL3K6OIau9MiL","content\europe\germany\germany-2011\alsace\index.md","https://drive.google.com/thumbnail?id=19ukSkYkv1Dl-3X1iUjsPL3K6OIau9MiL&sz=w1600"
"19ximcgmiJltByELj_SvJHwg5b0IdHaLI","content\europe\germany\germany-2011\overview\index.md","https://drive.google.com/thumbnail?id=19ximcgmiJltByELj_SvJHwg5b0IdHaLI&sz=w1600"
"1a7nqgiSRwmRnsO34bNSaKHSV9F6iw2JQ","content\europe\germany\germany-2011\switzerland-2\index.md","https://drive.google.com/thumbnail?id=1a7nqgiSRwmRnsO34bNSaKHSV9F6iw2JQ&sz=w1600"
"1ABZ0gqgDQcTsyUpm70d2m5unXVaeHk_7","content\europe\germany\germany-2011\switzerland-1\index.md","https://drive.google.com/thumbnail?id=1ABZ0gqgDQcTsyUpm70d2m5unXVaeHk_7&sz=w1600"
"1ajcNyKgu2kkpY9OJ-S3Rxg6Z1lraQBrW","content\europe\germany\germany-2011\switzerland-2\index.md","https://drive.google.com/thumbnail?id=1ajcNyKgu2kkpY9OJ-S3Rxg6Z1lraQBrW&sz=w1600"
"1aU4IYDHr3kVVNfU0n8hr7hDVzU3XvI7u","content\europe\germany\germany-2011\overview\index.md","https://drive.google.com/thumbnail?id=1aU4IYDHr3kVVNfU0n8hr7hDVzU3XvI7u&sz=w1600"
"1b2dNzvGdFgAf54l3ypkZKO57msQYX1G5","content\europe\germany\germany-2011\castles\index.md","https://drive.google.com/thumbnail?id=1b2dNzvGdFgAf54l3ypkZKO57msQYX1G5&sz=w1600"
"1b3zhi_A0XHoTvxHM97KMoTvzIp082KPa","content\europe\germany\germany-2011\alsace\index.md","https://drive.google.com/thumbnail?id=1b3zhi_A0XHoTvxHM97KMoTvzIp082KPa&sz=w1600"
"1B6b99Pjde4gtXeCCxj_uk-3MN6R780pw","content\europe\germany\germany-2011\castles\index.md","https://drive.google.com/thumbnail?id=1B6b99Pjde4gtXeCCxj_uk-3MN6R780pw&sz=w1600"
"1BINu6JOieO0ybWc5L5NBt66DCfOvE6qk","content\europe\germany\germany-2011\belgium\index.md","https://drive.google.com/thumbnail?id=1BINu6JOieO0ybWc5L5NBt66DCfOvE6qk&sz=w1600"
"1BKCDTGI0De0RnYtlYa-r-Sw1KhOHoeSJ","content\europe\germany\germany-2011\alsace\index.md","https://drive.google.com/thumbnail?id=1BKCDTGI0De0RnYtlYa-r-Sw1KhOHoeSJ&sz=w1600"
"1BQl1Tghv0PDaGrZMr_LtxL-CaEMX2DIN","content\europe\germany\germany-2011\holland\index.md","https://drive.google.com/thumbnail?id=1BQl1Tghv0PDaGrZMr_LtxL-CaEMX2DIN&sz=w1600"
"1c28Ogv209e2qMA142746Fu1zF4ZdvbPe","content\europe\germany\germany-2011\overview\index.md","https://drive.google.com/thumbnail?id=1c28Ogv209e2qMA142746Fu1zF4ZdvbPe&sz=w1600"
"1CcF58PSoeubkOYWoPlI8veffjMUjxj-o","content\europe\germany\germany-2011\switzerland-2\index.md","https://drive.google.com/thumbnail?id=1CcF58PSoeubkOYWoPlI8veffjMUjxj-o&sz=w1600"
"1cfrURnX_g50DGpbyl9f4mfOrX-Ft9T_a","content\europe\germany\germany-2011\holland\index.md","https://drive.google.com/thumbnail?id=1cfrURnX_g50DGpbyl9f4mfOrX-Ft9T_a&sz=w1600"
"1cfyCccnpe9RSx5izjgOjOw3P4M2VBI6e","content\europe\germany\germany-2011\alsace\index.md","https://drive.google.com/thumbnail?id=1cfyCccnpe9RSx5izjgOjOw3P4M2VBI6e&sz=w1600"
"1CHVjfOLlJU12mDD2XEX_zJz9IP0rZjki","content\europe\germany\germany-2011\alsace\index.md","https://drive.google.com/thumbnail?id=1CHVjfOLlJU12mDD2XEX_zJz9IP0rZjki&sz=w1600"
"1cJw7-GThHEs6D9GUAjYtXP1V0MOkn7Mw","content\europe\germany\germany-2011\belgium\index.md","https://drive.google.com/thumbnail?id=1cJw7-GThHEs6D9GUAjYtXP1V0MOkn7Mw&sz=w1600"
"1CPGM9sFT4pFn6LnJJLc-22H8H6fdWMKy","content\europe\germany\germany-2011\switzerland-1\index.md","https://drive.google.com/thumbnail?id=1CPGM9sFT4pFn6LnJJLc-22H8H6fdWMKy&sz=w1600"
"1CwFKOzsESHaJmhNECMJYxciQz7tvcIP6","content\europe\germany\germany-2011\holland\index.md","https://drive.google.com/thumbnail?id=1CwFKOzsESHaJmhNECMJYxciQz7tvcIP6&sz=w1600"
"1-cwjxni7B0xIsnMxAdfxGG5PEYqCrVFJ","content\europe\germany\germany-2011\overview\index.md","https://drive.google.com/thumbnail?id=1-cwjxni7B0xIsnMxAdfxGG5PEYqCrVFJ&sz=w1600"
"1cymRJxLogQ4jkKeFjdM_KT9gTvd1nVbG","content\europe\germany\germany-2011\belgium\index.md","https://drive.google.com/thumbnail?id=1cymRJxLogQ4jkKeFjdM_KT9gTvd1nVbG&sz=w1600"
"1CZ6gYBTasPyW43BEYyJCtTfPOJLAPBVD","content\europe\germany\germany-2011\castles\index.md","https://drive.google.com/thumbnail?id=1CZ6gYBTasPyW43BEYyJCtTfPOJLAPBVD&sz=w1600"
"1CZqK3iB_tu_wFArSglpjrPu2sCIxEEqQ","content\europe\germany\germany-2011\overview\index.md","https://drive.google.com/thumbnail?id=1CZqK3iB_tu_wFArSglpjrPu2sCIxEEqQ&sz=w1600"
"1DbIz5nBS2H7tktbBchpdI-UUWKGR6aqm","content\europe\germany\germany-2011\switzerland-1\index.md","https://drive.google.com/thumbnail?id=1DbIz5nBS2H7tktbBchpdI-UUWKGR6aqm&sz=w1600"
"1diI2iTkxh4BIwjVC6-ovkehXP8xH0AJI","content\europe\germany\germany-2011\bavaria\index.md","https://drive.google.com/thumbnail?id=1diI2iTkxh4BIwjVC6-ovkehXP8xH0AJI&sz=w1600"
"1dL3wkTjstRjzKanMTCj4ieeP7QP2m_HB","content\europe\germany\germany-2011\alsace\index.md","https://drive.google.com/thumbnail?id=1dL3wkTjstRjzKanMTCj4ieeP7QP2m_HB&sz=w1600"
"1DLMvIuQxV95xXqKqFkYjHMhAQ_jUsupC","content\europe\germany\germany-2011\alsace\index.md","https://drive.google.com/thumbnail?id=1DLMvIuQxV95xXqKqFkYjHMhAQ_jUsupC&sz=w1600"
"1Donv3yQgYHu4xtmcNvCEeXLXGflGBdpH","content\europe\germany\germany-2011\bavaria\index.md","https://drive.google.com/thumbnail?id=1Donv3yQgYHu4xtmcNvCEeXLXGflGBdpH&sz=w1600"
"1dz3px1L3Q6rxOAI9mzEF3gKGO97rBLeY","content\europe\germany\germany-2011\overview\index.md","https://drive.google.com/thumbnail?id=1dz3px1L3Q6rxOAI9mzEF3gKGO97rBLeY&sz=w1600"
"1EA0AXuUx2jMWEZ-mARkrTOKCxrTY6J8t","content\europe\germany\germany-2011\switzerland-1\index.md","https://drive.google.com/thumbnail?id=1EA0AXuUx2jMWEZ-mARkrTOKCxrTY6J8t&sz=w1600"
"1eDsrveO1V8veJ1xHfdHP7pMp_7vAKHRc","content\europe\germany\germany-2011\overview\index.md","https://drive.google.com/thumbnail?id=1eDsrveO1V8veJ1xHfdHP7pMp_7vAKHRc&sz=w1600"
"1EiPRQhPMLYcpHeZpqYtFfkhl2TB2Fhd8","content\europe\germany\germany-2011\overview\index.md","https://drive.google.com/thumbnail?id=1EiPRQhPMLYcpHeZpqYtFfkhl2TB2Fhd8&sz=w1600"
"1ELBFwNs4JdGU6hULbz-nywSIPIrJiUmk","content\europe\germany\germany-2011\belgium\index.md","https://drive.google.com/thumbnail?id=1ELBFwNs4JdGU6hULbz-nywSIPIrJiUmk&sz=w1600"
"1eLvzWtrtOvFyDS2CWp8gVkK5ShF4uqe9","content\europe\germany\germany-2011\switzerland-2\index.md","https://drive.google.com/thumbnail?id=1eLvzWtrtOvFyDS2CWp8gVkK5ShF4uqe9&sz=w1600"
"1eMnSis48v1Wg5pnUfOFWpW_ujN5clZaF","content\europe\germany\germany-2011\switzerland-2\index.md","https://drive.google.com/thumbnail?id=1eMnSis48v1Wg5pnUfOFWpW_ujN5clZaF&sz=w1600"
"1eS2u-H0vuyqyEXrQEhS7AzB2K7BGrDcg","content\europe\germany\germany-2011\bavaria\index.md","https://drive.google.com/thumbnail?id=1eS2u-H0vuyqyEXrQEhS7AzB2K7BGrDcg&sz=w1600"
"1ETO3jf6H57gx27B3o8EI1rEPQi1UaDUc","content\europe\germany\germany-2011\belgium\index.md","https://drive.google.com/thumbnail?id=1ETO3jf6H57gx27B3o8EI1rEPQi1UaDUc&sz=w1600"
"1etTNBJi8nNGvLx3Xp2H9z_PcZWwKDCsf","content\europe\germany\germany-2011\bavaria\index.md","https://drive.google.com/thumbnail?id=1etTNBJi8nNGvLx3Xp2H9z_PcZWwKDCsf&sz=w1600"
"1EX15IIQJHGcrWbMvY0ZZYQ2PAE0WaX77","content\europe\germany\germany-2011\belgium\index.md","https://drive.google.com/thumbnail?id=1EX15IIQJHGcrWbMvY0ZZYQ2PAE0WaX77&sz=w1600"
"1F92hJKnDxxHmDvvkL1ECr9_xHdpZZE65","content\europe\germany\germany-2011\switzerland-2\index.md","https://drive.google.com/thumbnail?id=1F92hJKnDxxHmDvvkL1ECr9_xHdpZZE65&sz=w1600"
"1FBgdEBAtFJtiJZAEssZTBW-iwdKc6jHb","content\europe\germany\germany-2011\overview\index.md","https://drive.google.com/thumbnail?id=1FBgdEBAtFJtiJZAEssZTBW-iwdKc6jHb&sz=w1600"
"1Fgq4msWJ9CHxdzmvp_WDPfjwb98HfuIK","content\europe\germany\germany-2011\switzerland-1\index.md","https://drive.google.com/thumbnail?id=1Fgq4msWJ9CHxdzmvp_WDPfjwb98HfuIK&sz=w1600"
"1FkTLyZ2R0FsevgwCMQXk-RFPU9le-vBd","content\europe\germany\germany-2011\castles\index.md","https://drive.google.com/thumbnail?id=1FkTLyZ2R0FsevgwCMQXk-RFPU9le-vBd&sz=w1600"
"1fwBX0lO2nrQCf1Rro9yXFq5jBxMxj64O","content\europe\germany\germany-2011\overview\index.md","https://drive.google.com/thumbnail?id=1fwBX0lO2nrQCf1Rro9yXFq5jBxMxj64O&sz=w1600"
"1gCXOwdVWRZYVr8-2kvYaLMuSk2U1CvAl","content\europe\germany\germany-2011\switzerland-1\index.md","https://drive.google.com/thumbnail?id=1gCXOwdVWRZYVr8-2kvYaLMuSk2U1CvAl&sz=w1600"
"1GIV6z75txJx-tQTqwdeMFbi6RMecnwgm","content\europe\germany\germany-2011\switzerland-1\index.md","https://drive.google.com/thumbnail?id=1GIV6z75txJx-tQTqwdeMFbi6RMecnwgm&sz=w2000"
"1gJaXFLUdSq6B0zxZwWxNv4CnPgkbekfv","content\europe\germany\germany-2011\belgium\index.md","https://drive.google.com/thumbnail?id=1gJaXFLUdSq6B0zxZwWxNv4CnPgkbekfv&sz=w1600"
"1glGBFV_cxZhARTrl4g_qCXDOPn92_KIi","content\europe\germany\germany-2011\belgium\index.md","https://drive.google.com/thumbnail?id=1glGBFV_cxZhARTrl4g_qCXDOPn92_KIi&sz=w1600"
"1Gn0xEX40-T5soKLPxLYQaNd3n-hPLr5o","content\europe\germany\germany-2011\alsace\index.md","https://drive.google.com/thumbnail?id=1Gn0xEX40-T5soKLPxLYQaNd3n-hPLr5o&sz=w1600"
"1GqnRO0cCycGe1euYi7eSNKFG0PnQsMbG","content\europe\germany\germany-2011\bavaria\index.md","https://drive.google.com/thumbnail?id=1GqnRO0cCycGe1euYi7eSNKFG0PnQsMbG&sz=w1600"
"1gS3rEkxIpq1jEwxcWV82kXcHl2QDVuvU","content\europe\germany\germany-2011\overview\index.md","https://drive.google.com/thumbnail?id=1gS3rEkxIpq1jEwxcWV82kXcHl2QDVuvU&sz=w1600"
"1HF77ZXel6ystAc5r_T4eUhg5AhCLLB3a","content\europe\germany\germany-2011\switzerland-1\index.md","https://drive.google.com/thumbnail?id=1HF77ZXel6ystAc5r_T4eUhg5AhCLLB3a&sz=w1600"
"1hmjUu2xcIUl-4-aN1GHuRNcw51zR5kcq","content\europe\germany\germany-2011\overview\index.md","https://drive.google.com/thumbnail?id=1hmjUu2xcIUl-4-aN1GHuRNcw51zR5kcq&sz=w1600"
"1hrq1qvzGTfrP-sxTvL78z0RvnfRS0zur","content\europe\germany\germany-2011\switzerland-1\index.md","https://drive.google.com/thumbnail?id=1hrq1qvzGTfrP-sxTvL78z0RvnfRS0zur&sz=w1600"
"1H-uetFrQEXTGAllxwhlIXmspEpr2s37f","content\europe\germany\germany-2011\overview\index.md","https://drive.google.com/thumbnail?id=1H-uetFrQEXTGAllxwhlIXmspEpr2s37f&sz=w1600"
"1hvmHaXea10Y9YP0BlIITs_qR0qzvFVqV","content\europe\germany\germany-2011\switzerland-2\index.md","https://drive.google.com/thumbnail?id=1hvmHaXea10Y9YP0BlIITs_qR0qzvFVqV&sz=w1600"
"1HW79zn9sfCLzkRKO41eAtDDauer5sAZP","content\europe\germany\germany-2011\switzerland-1\index.md","https://drive.google.com/thumbnail?id=1HW79zn9sfCLzkRKO41eAtDDauer5sAZP&sz=w1600"
"1iaDfSTlB4ynsd0TCHE5nZwlz3kxj_zEu","content\europe\germany\germany-2011\holland\index.md","https://drive.google.com/thumbnail?id=1iaDfSTlB4ynsd0TCHE5nZwlz3kxj_zEu&sz=w1600"
"1IhD7ctrTmEqpX8w7Yn2Ud6Q3vB1Yly6Q","content\europe\germany\germany-2011\belgium\index.md","https://drive.google.com/thumbnail?id=1IhD7ctrTmEqpX8w7Yn2Ud6Q3vB1Yly6Q&sz=w1600"
"1Ik6qPeKZAyQdWNYXqKIndX2hBBsSbDwU","content\europe\germany\germany-2011\castles\index.md","https://drive.google.com/thumbnail?id=1Ik6qPeKZAyQdWNYXqKIndX2hBBsSbDwU&sz=w1600"
"1iK8ySWhtrrtckIjAGNagjzkqHpsT6tpG","content\europe\germany\germany-2011\overview\index.md","https://drive.google.com/thumbnail?id=1iK8ySWhtrrtckIjAGNagjzkqHpsT6tpG&sz=w1600"
"1ILnIE4raV-rnTp-HYa45Y1Ia3OeoQhFp","content\europe\germany\germany-2011\alsace\index.md","https://drive.google.com/thumbnail?id=1ILnIE4raV-rnTp-HYa45Y1Ia3OeoQhFp&sz=w1600"
"1ImV1ewQ1QfPj7MICjgKwPOxybvxgY8aR","content\europe\germany\germany-2011\switzerland-2\index.md","https://drive.google.com/thumbnail?id=1ImV1ewQ1QfPj7MICjgKwPOxybvxgY8aR&sz=w1600"
"1IR1G8T_3MQ7TNStGljJNk2zY9LPfXwG7","content\europe\germany\germany-2011\belgium\index.md","https://drive.google.com/thumbnail?id=1IR1G8T_3MQ7TNStGljJNk2zY9LPfXwG7&sz=w1600"
"1ItXrsuR9LonEkSmBwUSIosKGZnj7r2Id","content\europe\germany\germany-2011\alsace\index.md","https://drive.google.com/thumbnail?id=1ItXrsuR9LonEkSmBwUSIosKGZnj7r2Id&sz=w1600"
"1JbEmJ1dq-BMKfH-ScNQybLZjokB18wk2","content\europe\germany\germany-2011\bavaria\index.md","https://drive.google.com/thumbnail?id=1JbEmJ1dq-BMKfH-ScNQybLZjokB18wk2&sz=w1600"
"1JCdmDPkOjONx1kRcBDG82l8cRRQu6RcQ","content\europe\germany\germany-2011\overview\index.md","https://drive.google.com/thumbnail?id=1JCdmDPkOjONx1kRcBDG82l8cRRQu6RcQ&sz=w1600"
"1JTGT0MJYi8xkEKxCEEQ4faCE5FNQ9NH3","content\europe\germany\germany-2011\castles\index.md","https://drive.google.com/thumbnail?id=1JTGT0MJYi8xkEKxCEEQ4faCE5FNQ9NH3&sz=w1600"
"1jTNscIyzW03JgjsHtFivQ8GC8HNz6PmW","content\europe\germany\germany-2011\switzerland-1\index.md","https://drive.google.com/thumbnail?id=1jTNscIyzW03JgjsHtFivQ8GC8HNz6PmW&sz=w1600"
"1JZNOTEajR5Z7uRcR0usfzCeS5EUg2aJx","content\europe\germany\germany-2011\belgium\index.md","https://drive.google.com/thumbnail?id=1JZNOTEajR5Z7uRcR0usfzCeS5EUg2aJx&sz=w1600"
"1jZUDPRn2ZgX6vCponhei69fs5X6rhokv","content\europe\germany\germany-2011\overview\index.md","https://drive.google.com/thumbnail?id=1jZUDPRn2ZgX6vCponhei69fs5X6rhokv&sz=w1600"
"1k0CRMw4md9su59LuYl5Uc5LmBemmjc1s","content\europe\germany\germany-2011\switzerland-2\index.md","https://drive.google.com/thumbnail?id=1k0CRMw4md9su59LuYl5Uc5LmBemmjc1s&sz=w1600"
"1K9vChEK-MTSC5me-JCEzq29a2p5Wz4KP","content\europe\germany\germany-2011\alsace\index.md","https://drive.google.com/thumbnail?id=1K9vChEK-MTSC5me-JCEzq29a2p5Wz4KP&sz=w1600"
"1kKraSn-jkVbbzJbje263Lxo2tKY5LGve","content\europe\germany\germany-2011\switzerland-1\index.md","https://drive.google.com/thumbnail?id=1kKraSn-jkVbbzJbje263Lxo2tKY5LGve&sz=w1600"
"1KOaBD6uPJbIx4qJYLcCDGQR5-CN11hwt","content\europe\germany\germany-2011\bavaria\index.md","https://drive.google.com/thumbnail?id=1KOaBD6uPJbIx4qJYLcCDGQR5-CN11hwt&sz=w1600"
"1KsXHM_sIxXvr9OF7vBpXzt1rSuI_Bbuf","content\europe\germany\germany-2011\bavaria\index.md","https://drive.google.com/thumbnail?id=1KsXHM_sIxXvr9OF7vBpXzt1rSuI_Bbuf&sz=w1600"
"1KtF6n1yI_WypfZ0hAed9yvqTgBtyw5Kz","content\europe\germany\germany-2011\belgium\index.md","https://drive.google.com/thumbnail?id=1KtF6n1yI_WypfZ0hAed9yvqTgBtyw5Kz&sz=w1600"
"1L0U1_DA72dIGQ_R-59WQ6otP7A6UtqrV","content\europe\germany\germany-2011\switzerland-2\index.md","https://drive.google.com/thumbnail?id=1L0U1_DA72dIGQ_R-59WQ6otP7A6UtqrV&sz=w1600"
"1l2QXY9NQfmP01oYA3KpnoXo1a_0eODWm","content\europe\germany\germany-2011\alsace\index.md","https://drive.google.com/thumbnail?id=1l2QXY9NQfmP01oYA3KpnoXo1a_0eODWm&sz=w1600"
"1lDvY20EolYDQ1ttcz4cPuH26o4mbYyOj","content\europe\germany\germany-2011\switzerland-2\index.md","https://drive.google.com/thumbnail?id=1lDvY20EolYDQ1ttcz4cPuH26o4mbYyOj&sz=w1600"
"1LEoL0M4k8Tx-34opzEIvEfNAFuMN3Eht","content\europe\germany\germany-2011\switzerland-1\index.md","https://drive.google.com/thumbnail?id=1LEoL0M4k8Tx-34opzEIvEfNAFuMN3Eht&sz=w1600"
"1LIzQjtdbJYlmn8PNj9F9m1UdLuY12Vz8","content\europe\germany\germany-2011\bavaria\index.md","https://drive.google.com/thumbnail?id=1LIzQjtdbJYlmn8PNj9F9m1UdLuY12Vz8&sz=w1600"
"1LSBhBd3g7JHPxS4L03zR2dH3dJLgXAcL","content\europe\germany\germany-2011\castles\index.md","https://drive.google.com/thumbnail?id=1LSBhBd3g7JHPxS4L03zR2dH3dJLgXAcL&sz=w1600"
"1LUz-GITY2f9gva8hY39SonUDNH_04FuC","content\europe\germany\germany-2011\switzerland-1\index.md","https://drive.google.com/thumbnail?id=1LUz-GITY2f9gva8hY39SonUDNH_04FuC&sz=w1600"
"1lzdlyGtppqdv3yFHbwCeqhTKXRj_OElb","content\europe\germany\germany-2011\switzerland-1\index.md","https://drive.google.com/thumbnail?id=1lzdlyGtppqdv3yFHbwCeqhTKXRj_OElb&sz=w1600"
"1m3p0UBvYMqFtXh2j_Y88hZV7xTGZasRh","content\europe\germany\germany-2011\alsace\index.md","https://drive.google.com/thumbnail?id=1m3p0UBvYMqFtXh2j_Y88hZV7xTGZasRh&sz=w1600"
"1m5Pw9-jX9TIAZV6KZuQby5cyxI3PGKP_","content\europe\germany\germany-2011\belgium\index.md","https://drive.google.com/thumbnail?id=1m5Pw9-jX9TIAZV6KZuQby5cyxI3PGKP_&sz=w1600"
"1m5yyOKOGjSGdonhMpSHP1p0gqH9BGyj6","content\europe\germany\germany-2011\switzerland-2\index.md","https://drive.google.com/thumbnail?id=1m5yyOKOGjSGdonhMpSHP1p0gqH9BGyj6&sz=w1600"
"1MaTBkf4PgG9QxLCGQkksfoxR2ETb4e-F","content\europe\germany\germany-2011\alsace\index.md","https://drive.google.com/thumbnail?id=1MaTBkf4PgG9QxLCGQkksfoxR2ETb4e-F&sz=w1600"
"1MB67DISM24IKu1zHokSknN9HR6Fryuuc","content\europe\germany\germany-2011\overview\index.md","https://drive.google.com/thumbnail?id=1MB67DISM24IKu1zHokSknN9HR6Fryuuc&sz=w1600"
"1MbW-Xc0-31e3kiy4E0OpkhxV40QY2SI0","content\europe\germany\germany-2011\alsace\index.md","https://drive.google.com/thumbnail?id=1MbW-Xc0-31e3kiy4E0OpkhxV40QY2SI0&sz=w1600"
"1mddJyezFCY7PRVmL3y6xg3D9xqN7VX73","content\europe\germany\germany-2011\belgium\index.md","https://drive.google.com/thumbnail?id=1mddJyezFCY7PRVmL3y6xg3D9xqN7VX73&sz=w1600"
"1mg6LQqx5976LXxoO09PJBy9V7mdbrFw0","content\europe\germany\germany-2011\alsace\index.md","https://drive.google.com/thumbnail?id=1mg6LQqx5976LXxoO09PJBy9V7mdbrFw0&sz=w1600"
"1mHDl1IAACSFyo0jqpSnKoqTBoxXLCQjy","content\europe\germany\germany-2011\switzerland-2\index.md","https://drive.google.com/thumbnail?id=1mHDl1IAACSFyo0jqpSnKoqTBoxXLCQjy&sz=w1600"
"1MiiiPvQCJGdZgUpk_biRSrVqy_rU6Qeq","content\europe\germany\germany-2011\switzerland-2\index.md","https://drive.google.com/thumbnail?id=1MiiiPvQCJGdZgUpk_biRSrVqy_rU6Qeq&sz=w1600"
"1MPL1Em3Xo0yBAyJcyljc0SaIHYelZsnd","content\europe\germany\germany-2011\alsace\index.md","https://drive.google.com/thumbnail?id=1MPL1Em3Xo0yBAyJcyljc0SaIHYelZsnd&sz=w1600"
"1myuXHmotblME10Y1b7Z7Tf41nUaOJM-T","content\europe\germany\germany-2011\switzerland-1\index.md","https://drive.google.com/thumbnail?id=1myuXHmotblME10Y1b7Z7Tf41nUaOJM-T&sz=w1600"
"1mZQzOLEN0b2nUNtXG2fDc8qXlDFT0ec6","content\europe\germany\germany-2011\alsace\index.md","https://drive.google.com/thumbnail?id=1mZQzOLEN0b2nUNtXG2fDc8qXlDFT0ec6&sz=w1600"
"1n12OdEkECxYkjtMHjsAr9fm8D9z4NcKD","content\europe\germany\germany-2011\switzerland-1\index.md","https://drive.google.com/thumbnail?id=1n12OdEkECxYkjtMHjsAr9fm8D9z4NcKD&sz=w1600"
"1N6Nmj2voszzmUdZq2pu1XmtUFRzVABqc","content\europe\germany\germany-2011\belgium\index.md","https://drive.google.com/thumbnail?id=1N6Nmj2voszzmUdZq2pu1XmtUFRzVABqc&sz=w1600"
"1N7QKH-kOoH4yFIKy6benFxX8yB1XE7qX","content\europe\germany\germany-2011\bavaria\index.md","https://drive.google.com/thumbnail?id=1N7QKH-kOoH4yFIKy6benFxX8yB1XE7qX&sz=w1600"
"1n8Kztmly9mm2rkkAwkb5BgTQflMyxJhS","content\europe\germany\germany-2011\switzerland-2\index.md","https://drive.google.com/thumbnail?id=1n8Kztmly9mm2rkkAwkb5BgTQflMyxJhS&sz=w1600"
"1NEHWznsVQFDyV5jPLNLoAi1qSNTb86lE","content\europe\germany\germany-2011\switzerland-2\index.md","https://drive.google.com/thumbnail?id=1NEHWznsVQFDyV5jPLNLoAi1qSNTb86lE&sz=w1600"
"1NeM0gNHl-lcTgGmvaikthy9m6dY-shs3","content\europe\germany\germany-2011\alsace\index.md","https://drive.google.com/thumbnail?id=1NeM0gNHl-lcTgGmvaikthy9m6dY-shs3&sz=w1600"
"1NFphqa2jWwTox-8JLFpGLl7aCACRQDHX","content\europe\germany\germany-2011\overview\index.md","https://drive.google.com/thumbnail?id=1NFphqa2jWwTox-8JLFpGLl7aCACRQDHX&sz=w1600"
"1oanYPXoh_eHgu717Jaxv-zl-NqgU55Xb","content\europe\germany\germany-2011\switzerland-2\index.md","https://drive.google.com/thumbnail?id=1oanYPXoh_eHgu717Jaxv-zl-NqgU55Xb&sz=w1600"
"1OBYkUaPpQST4FFRcumCvmpeIKVeSUj_P","content\europe\germany\germany-2011\bavaria\index.md","https://drive.google.com/thumbnail?id=1OBYkUaPpQST4FFRcumCvmpeIKVeSUj_P&sz=w1600"
"1oCknfUAcRw1KODKQBaYyMs4vF7PBPw4r","content\europe\germany\germany-2011\alsace\index.md","https://drive.google.com/thumbnail?id=1oCknfUAcRw1KODKQBaYyMs4vF7PBPw4r&sz=w1600"
"1odie8OntHX7Fv8M2OiUClVRM0gMjIOIC","content\europe\germany\germany-2011\overview\index.md","https://drive.google.com/thumbnail?id=1odie8OntHX7Fv8M2OiUClVRM0gMjIOIC&sz=w1600"
"1oIxMWsRmwKXN3iORlOnDTlHFI7509-uA","content\europe\germany\germany-2011\switzerland-1\index.md","https://drive.google.com/thumbnail?id=1oIxMWsRmwKXN3iORlOnDTlHFI7509-uA&sz=w1600"
"1OnDWjyrJnXqAW2SvBfZxuKvBatvnNDE_","content\europe\germany\germany-2011\bavaria\index.md","https://drive.google.com/thumbnail?id=1OnDWjyrJnXqAW2SvBfZxuKvBatvnNDE_&sz=w1600"
"1oouZm_RMNYkbbpD_QKyrW-FlTGFq6wUD","content\europe\germany\germany-2011\switzerland-2\index.md","https://drive.google.com/thumbnail?id=1oouZm_RMNYkbbpD_QKyrW-FlTGFq6wUD&sz=w1600"
"1OuW8CvdoEz7bNUtkOsfpfnVaAEAX7gqy","content\europe\germany\germany-2011\belgium\index.md","https://drive.google.com/thumbnail?id=1OuW8CvdoEz7bNUtkOsfpfnVaAEAX7gqy&sz=w1600"
"1oVxwUuwnzxNo3e2yyMRbcKODcplab7iI","content\europe\germany\germany-2011\bavaria\index.md","https://drive.google.com/thumbnail?id=1oVxwUuwnzxNo3e2yyMRbcKODcplab7iI&sz=w1600"
"1Ps2ZWbGYm-UFcLFeZO1lc40imJkWN-sp","content\europe\germany\germany-2011\alsace\index.md","https://drive.google.com/thumbnail?id=1Ps2ZWbGYm-UFcLFeZO1lc40imJkWN-sp&sz=w1600"
"1pwxs_n0savQNJOnrGbY5nsI7TZX9Aq2R","content\europe\germany\germany-2011\belgium\index.md","https://drive.google.com/thumbnail?id=1pwxs_n0savQNJOnrGbY5nsI7TZX9Aq2R&sz=w2000"
"1pXYkukfmPmmd-kHrAZooxn74RsYZTpsc","content\europe\germany\germany-2011\alsace\index.md","https://drive.google.com/thumbnail?id=1pXYkukfmPmmd-kHrAZooxn74RsYZTpsc&sz=w1600"
"1PZ1DCatUN4DQU0gUeDWuYgQFdlY6-Dm1","content\europe\germany\germany-2011\bavaria\index.md","https://drive.google.com/thumbnail?id=1PZ1DCatUN4DQU0gUeDWuYgQFdlY6-Dm1&sz=w1600"
"1Q64G1F1ZJquo6RY3V-UKvJaHol2VnR4e","content\europe\germany\germany-2011\alsace\index.md","https://drive.google.com/thumbnail?id=1Q64G1F1ZJquo6RY3V-UKvJaHol2VnR4e&sz=w1600"
"1qB6Gel0MzTTGv5hvLpYG06O1V6bhhDst","content\europe\germany\germany-2011\alsace\index.md","https://drive.google.com/thumbnail?id=1qB6Gel0MzTTGv5hvLpYG06O1V6bhhDst&sz=w1600"
"1QL3Q4BmeRmqCSyvKrAV3fcsJMBaDiJPu","content\europe\germany\germany-2011\alsace\index.md","https://drive.google.com/thumbnail?id=1QL3Q4BmeRmqCSyvKrAV3fcsJMBaDiJPu&sz=w1600"
"1qqcfbfvveEEBM9ZohrhxpImGcyTNA7hK","content\europe\germany\germany-2011\overview\index.md","https://drive.google.com/thumbnail?id=1qqcfbfvveEEBM9ZohrhxpImGcyTNA7hK&sz=w1600"
"1QRbiZoc2A24K4NjjVtFMU1G3xzhxhtvn","content\europe\germany\germany-2011\holland\index.md","https://drive.google.com/thumbnail?id=1QRbiZoc2A24K4NjjVtFMU1G3xzhxhtvn&sz=w1600"
"1qvdx7_niHVA4I85Ddwt3gyXg8lwiFkq5","content\europe\germany\germany-2011\overview\index.md","https://drive.google.com/thumbnail?id=1qvdx7_niHVA4I85Ddwt3gyXg8lwiFkq5&sz=w1600"
"1QwkAwQd-yudlMXvn-0PZ7WhMCIR3H_nW","content\europe\germany\germany-2011\holland\index.md","https://drive.google.com/thumbnail?id=1QwkAwQd-yudlMXvn-0PZ7WhMCIR3H_nW&sz=w1600"
"1r7DqcDYNF_lJkZlTYCGU0LsPYijZEqnC","content\europe\germany\germany-2011\holland\index.md","https://drive.google.com/thumbnail?id=1r7DqcDYNF_lJkZlTYCGU0LsPYijZEqnC&sz=w1600"
"1R7NOwu8wq0L5GF7DNkzQIO3d93kTNj2X","content\europe\germany\germany-2011\bavaria\index.md","https://drive.google.com/thumbnail?id=1R7NOwu8wq0L5GF7DNkzQIO3d93kTNj2X&sz=w1600"
"1rApY7tXkowsUTptbHPFA-Uds8iiLIMcb","content\europe\germany\germany-2011\belgium\index.md","https://drive.google.com/thumbnail?id=1rApY7tXkowsUTptbHPFA-Uds8iiLIMcb&sz=w1600"
"1RjCpeLFox9JkwaaPuZci0xGL8q5WZggv","content\europe\germany\germany-2011\switzerland-1\index.md","https://drive.google.com/thumbnail?id=1RjCpeLFox9JkwaaPuZci0xGL8q5WZggv&sz=w2000"
"1RqxBj2nYno0n1D5bZMo7D0eXQnzbKuc7","content\europe\germany\germany-2011\switzerland-2\index.md","https://drive.google.com/thumbnail?id=1RqxBj2nYno0n1D5bZMo7D0eXQnzbKuc7&sz=w1600"
"1rSrwNOQIQOeL0RF8lqshSjrU97wgoN20","content\europe\germany\germany-2011\switzerland-2\index.md","https://drive.google.com/thumbnail?id=1rSrwNOQIQOeL0RF8lqshSjrU97wgoN20&sz=w1600"
"1rwUHHgtLBp_T8qw-IP7sRu0KFndUkEoh","content\europe\germany\germany-2011\alsace\index.md","https://drive.google.com/thumbnail?id=1rwUHHgtLBp_T8qw-IP7sRu0KFndUkEoh&sz=w1600"
"1SeL390lOoaJWbKKIeMexJhpT6eK7hp6R","content\europe\germany\germany-2011\alsace\index.md","https://drive.google.com/thumbnail?id=1SeL390lOoaJWbKKIeMexJhpT6eK7hp6R&sz=w1600"
"1SLEStx7txy9R2k1Q3sCWzKtUnmGdfgO2","content\europe\germany\germany-2011\switzerland-1\index.md","https://drive.google.com/thumbnail?id=1SLEStx7txy9R2k1Q3sCWzKtUnmGdfgO2&sz=w1600"
"1sRkVpdL4W2DHDE5YRHB-02Kj8MdQAUp8","content\europe\germany\germany-2011\belgium\index.md","https://drive.google.com/thumbnail?id=1sRkVpdL4W2DHDE5YRHB-02Kj8MdQAUp8&sz=w1600"
"1SUB0qmHh_snbMtHSoYQCfXYRymg2c0pj","content\europe\germany\germany-2011\switzerland-1\index.md","https://drive.google.com/thumbnail?id=1SUB0qmHh_snbMtHSoYQCfXYRymg2c0pj&sz=w1600"
"1t4Pri8mWi5Tidq8pSNFMc4apAhmvZz1e","content\europe\germany\germany-2011\castles\index.md","https://drive.google.com/thumbnail?id=1t4Pri8mWi5Tidq8pSNFMc4apAhmvZz1e&sz=w1600"
"1-T98eW6u0bJRefKwNtePL8FCTP62ksPh","content\europe\germany\germany-2011\castles\index.md","https://drive.google.com/thumbnail?id=1-T98eW6u0bJRefKwNtePL8FCTP62ksPh&sz=w1600"
"1tCyfbQHpo246oHLKzuZC-ZfzyB6ZBSWx","content\europe\germany\germany-2011\holland\index.md","https://drive.google.com/thumbnail?id=1tCyfbQHpo246oHLKzuZC-ZfzyB6ZBSWx&sz=w1600"
"1twXra0c9GpSioGT_9039iUnsBjk-mJtV","content\europe\germany\germany-2011\bavaria\index.md","https://drive.google.com/thumbnail?id=1twXra0c9GpSioGT_9039iUnsBjk-mJtV&sz=w1600"
"1UAFYJaYtnEO7Tn1iL0ngbageAYysuwZj","content\europe\germany\germany-2011\alsace\index.md","https://drive.google.com/thumbnail?id=1UAFYJaYtnEO7Tn1iL0ngbageAYysuwZj&sz=w1600"
"1uBHg0jBIU4E6QNjHTQY0fhTbPmvdglsF","content\europe\germany\germany-2011\alsace\index.md","https://drive.google.com/thumbnail?id=1uBHg0jBIU4E6QNjHTQY0fhTbPmvdglsF&sz=w1600"
"1UFUy7faIKrOZspAurilQaL74j-V1RIjH","content\europe\germany\germany-2011\london\index.md","https://drive.google.com/thumbnail?id=1UFUy7faIKrOZspAurilQaL74j-V1RIjH&sz=w1600"
"1ulv6NvCikaShmvSEW0OydI7Jpd-pZIYP","content\europe\germany\germany-2011\bavaria\index.md","https://drive.google.com/thumbnail?id=1ulv6NvCikaShmvSEW0OydI7Jpd-pZIYP&sz=w1600"
"1UQNKFCB_ExZgdhl8gpUVVrONsR73uunH","content\europe\germany\germany-2011\holland\index.md","https://drive.google.com/thumbnail?id=1UQNKFCB_ExZgdhl8gpUVVrONsR73uunH&sz=w1600"
"1usCcflTMbrEr_K2OO7jEHZwqf1HmFCRa","content\europe\germany\germany-2011\alsace\index.md","https://drive.google.com/thumbnail?id=1usCcflTMbrEr_K2OO7jEHZwqf1HmFCRa&sz=w1600"
"1uzAXpBiLjSsbFeA2OaFjO7FsjgwKjcIc","content\europe\germany\germany-2011\alsace\index.md","https://drive.google.com/thumbnail?id=1uzAXpBiLjSsbFeA2OaFjO7FsjgwKjcIc&sz=w2000"
"1V6HFu2d7AsCPeyOEOV2CFINYv6z6VWV2","content\europe\germany\germany-2011\switzerland-1\index.md","https://drive.google.com/thumbnail?id=1V6HFu2d7AsCPeyOEOV2CFINYv6z6VWV2&sz=w1600"
"1Vn61t4LmxQGcYQmYjElS2PKT83NvFhA5","content\europe\germany\germany-2011\belgium\index.md","https://drive.google.com/thumbnail?id=1Vn61t4LmxQGcYQmYjElS2PKT83NvFhA5&sz=w1600"
"1vp-2TR0wLOXYFhxrXeo5xzcTa0VTHR3w","content\europe\germany\germany-2011\switzerland-1\index.md","https://drive.google.com/thumbnail?id=1vp-2TR0wLOXYFhxrXeo5xzcTa0VTHR3w&sz=w1600"
"1VRxtjfHykDt2oTCEX5E3XI1DsEMhZSji","content\europe\germany\germany-2011\castles\index.md","https://drive.google.com/thumbnail?id=1VRxtjfHykDt2oTCEX5E3XI1DsEMhZSji&sz=w1600"
"1VsGespLEpyHi8HjXzyjPEPWkjCB-oAc6","content\europe\germany\germany-2011\castles\index.md","https://drive.google.com/thumbnail?id=1VsGespLEpyHi8HjXzyjPEPWkjCB-oAc6&sz=w1600"
"1VWbWCjJ9nDpLBXE6A-mfpz9972i1Wmbe","content\europe\germany\germany-2011\castles\index.md","https://drive.google.com/thumbnail?id=1VWbWCjJ9nDpLBXE6A-mfpz9972i1Wmbe&sz=w1600"
"1w_Kcq48VVmxWVpIlZWubTMmMGBkuS1xW","content\europe\germany\germany-2011\belgium\index.md","https://drive.google.com/thumbnail?id=1w_Kcq48VVmxWVpIlZWubTMmMGBkuS1xW&sz=w1600"
"1w3EsvCIskQpdInF97aR9y-9sWIdlX157","content\europe\germany\germany-2011\holland\index.md","https://drive.google.com/thumbnail?id=1w3EsvCIskQpdInF97aR9y-9sWIdlX157&sz=w1600"
"1Wy0jYZvO0v5ag-2XhDiAmdynXd487BoK","content\europe\germany\germany-2011\belgium\index.md","https://drive.google.com/thumbnail?id=1Wy0jYZvO0v5ag-2XhDiAmdynXd487BoK&sz=w1600"
"1wz9156m4g6mqtFVVP1MbIZq7tsQ6MXuW","content\europe\germany\germany-2011\switzerland-2\index.md","https://drive.google.com/thumbnail?id=1wz9156m4g6mqtFVVP1MbIZq7tsQ6MXuW&sz=w1600"
"1w-ZiwuSuZhjT6CatpextXG0NSzxOB5lP","content\europe\germany\germany-2011\overview\index.md","https://drive.google.com/thumbnail?id=1w-ZiwuSuZhjT6CatpextXG0NSzxOB5lP&sz=w1600"
"1Xd__wmgmT0OflmAIEpkq8F0t6MRbpK6I","content\europe\germany\germany-2011\belgium\index.md","https://drive.google.com/thumbnail?id=1Xd__wmgmT0OflmAIEpkq8F0t6MRbpK6I&sz=w1600"
"1xP3Cs3yB3xFO54d2KM12nos0957jqdMw","content\europe\germany\germany-2011\belgium\index.md","https://drive.google.com/thumbnail?id=1xP3Cs3yB3xFO54d2KM12nos0957jqdMw&sz=w1600"
"1xr5gSTm6s3OJkcdrTPaOU70DA2SnXtEu","content\europe\germany\germany-2011\alsace\index.md","https://drive.google.com/thumbnail?id=1xr5gSTm6s3OJkcdrTPaOU70DA2SnXtEu&sz=w1600"
"1xUs4jIDehcMD4HEPTlhBqh57IlDwqJSo","content\europe\germany\germany-2011\switzerland-2\index.md","https://drive.google.com/thumbnail?id=1xUs4jIDehcMD4HEPTlhBqh57IlDwqJSo&sz=w1600"
"1XxMbkVr0RvXee6QSuH36sx78EWw3MISy","content\europe\germany\germany-2011\overview\index.md","https://drive.google.com/thumbnail?id=1XxMbkVr0RvXee6QSuH36sx78EWw3MISy&sz=w1600"
"1Y0F_MPnV2DeNqH6jsi4MgwFDWSlwO_LY","content\europe\germany\germany-2011\belgium\index.md","https://drive.google.com/thumbnail?id=1Y0F_MPnV2DeNqH6jsi4MgwFDWSlwO_LY&sz=w1600"
"1y2APceeD6M89jVroz3Dvh4spLd2VIK15","content\europe\germany\germany-2011\london\index.md","https://drive.google.com/thumbnail?id=1y2APceeD6M89jVroz3Dvh4spLd2VIK15&sz=w2000"
"1Y3hg6t8pai5Lw6yM3oFTAi3Ah_kkVomi","content\europe\germany\germany-2011\alsace\index.md","https://drive.google.com/thumbnail?id=1Y3hg6t8pai5Lw6yM3oFTAi3Ah_kkVomi&sz=w1600"
"1y4wjP6uqKXnvMg_2-eyXNVLMPKs2E50N","content\europe\germany\germany-2011\switzerland-1\index.md","https://drive.google.com/thumbnail?id=1y4wjP6uqKXnvMg_2-eyXNVLMPKs2E50N&sz=w1600"
"1YCxmL-1T8CRDEJ0_2wwhh1aSI1UsT_8B","content\europe\germany\germany-2011\switzerland-2\index.md","https://drive.google.com/thumbnail?id=1YCxmL-1T8CRDEJ0_2wwhh1aSI1UsT_8B&sz=w2000"
"1yk44hQBTqniNy6PWS3DwuD14jJG8EOYU","content\europe\germany\germany-2011\alsace\index.md","https://drive.google.com/thumbnail?id=1yk44hQBTqniNy6PWS3DwuD14jJG8EOYU&sz=w1600"
"1YlbGsmQ8pv33mHuBGdmGOMVAAspdhC05","content\europe\germany\germany-2011\switzerland-1\index.md","https://drive.google.com/thumbnail?id=1YlbGsmQ8pv33mHuBGdmGOMVAAspdhC05&sz=w1600"
"1YmT8kbjnAeq3dWdcaCWbGV6ZxaZ7YfOa","content\europe\germany\germany-2011\castles\index.md","https://drive.google.com/thumbnail?id=1YmT8kbjnAeq3dWdcaCWbGV6ZxaZ7YfOa&sz=w1600"
"1yqZc3Uno4OkYIBfYeKOSovCd3qnCyiJ3","content\europe\germany\germany-2011\castles\index.md","https://drive.google.com/thumbnail?id=1yqZc3Uno4OkYIBfYeKOSovCd3qnCyiJ3&sz=w1600"
"1yYd0mLHb83brKMvGkYysvnuhZRTynss7","content\europe\germany\germany-2011\switzerland-2\index.md","https://drive.google.com/thumbnail?id=1yYd0mLHb83brKMvGkYysvnuhZRTynss7&sz=w1600"
"1Z87zYpPC0GxYnh-GNwdhoMQ9BOmnQCa0","content\europe\germany\germany-2011\overview\index.md","https://drive.google.com/thumbnail?id=1Z87zYpPC0GxYnh-GNwdhoMQ9BOmnQCa0&sz=w1600"
"1z8Jtd0Eel16TUmRFDCDzeYrmHmWi2J6V","content\europe\germany\germany-2011\holland\index.md","https://drive.google.com/thumbnail?id=1z8Jtd0Eel16TUmRFDCDzeYrmHmWi2J6V&sz=w1600"
"1ZaIWKkqcdy24wIwGOAi0VbquxEVEcKtH","content\europe\germany\germany-2011\alsace\index.md","https://drive.google.com/thumbnail?id=1ZaIWKkqcdy24wIwGOAi0VbquxEVEcKtH&sz=w1600"
"1ZBrTz_Cve49Az47atXD63tCl4iN7bmXX","content\europe\germany\germany-2011\castles\index.md","https://drive.google.com/thumbnail?id=1ZBrTz_Cve49Az47atXD63tCl4iN7bmXX&sz=w1600"
"1ZhPOnK2xm97ypoJUft4FRabtlPoERtl_","content\europe\germany\germany-2011\belgium\index.md","https://drive.google.com/thumbnail?id=1ZhPOnK2xm97ypoJUft4FRabtlPoERtl_&sz=w1600"
"1zIS3urKT2UGloiT4X20amahpSZdXLaPZ","content\europe\germany\germany-2011\switzerland-1\index.md","https://drive.google.com/thumbnail?id=1zIS3urKT2UGloiT4X20amahpSZdXLaPZ&sz=w1600"
"1zm25-XosL9tfJkuT_XzwEad3YKoDEgJH","content\europe\germany\germany-2011\alsace\index.md","https://drive.google.com/thumbnail?id=1zm25-XosL9tfJkuT_XzwEad3YKoDEgJH&sz=w1600"
"1zM7HTCa5AFPg5Hb3nCxWVarnV6V-KukW","content\europe\germany\germany-2011\holland\index.md","https://drive.google.com/thumbnail?id=1zM7HTCa5AFPg5Hb3nCxWVarnV6V-KukW&sz=w1600"
"1ZM-KeD7cl7z2FoWzjr-asJsNo7fGZM5x","content\europe\germany\germany-2011\bavaria\index.md","https://drive.google.com/thumbnail?id=1ZM-KeD7cl7z2FoWzjr-asJsNo7fGZM5x&sz=w1600"
"1zOoHNfyz5TKOH1QAmee8GY3kfw9IJUx_","content\europe\germany\germany-2011\castles\index.md","https://drive.google.com/thumbnail?id=1zOoHNfyz5TKOH1QAmee8GY3kfw9IJUx_&sz=w1600"
"1zstnLGebNyq7AgIYxvGMuKWrmJeBG4VW","content\europe\germany\germany-2011\switzerland-2\index.md","https://drive.google.com/thumbnail?id=1zstnLGebNyq7AgIYxvGMuKWrmJeBG4VW&sz=w1600"
